Job Title, Zip Code, Number of Jobs
retail,"58258",393
retail,"83214",122
retail,"11256",28588
retail,"85611",151
retail,"07505",28492
retail,"37886",3031
retail,"35223",3115
retail,"37620",1271
retail,"59457",29
retail,"32727",3297
retail,"84412",1384
retail,"14852",415
retail,"12455",116
retail,"16150",1835
retail,"36688",1571
retail,"62842",110
retail,"60445",17972
retail,"83215",6
retail,"58257",24
retail,"33927",871
retail,"13654",119
retail,"85610",2
retail,"07506",26957
retail,"37885",577
retail,"35224",3061
retail,"57059",101
retail,"87176",2011
retail,"36421",108
retail,"38820",413
retail,"12456",1028
retail,"14851",429
retail,"60444",632
retail,"16151",670
retail,"32726",3453
retail,"62843",132
retail,"33928",3752
retail,"03809",942
retail,"12457",541
retail,"65340",119
retail,"13655",101
retail,"39182",116
retail,"37888",589
retail,"85613",161
retail,"91761",11243
retail,"31527",503
retail,"84414",1384
retail,"07507",28390
retail,"39181",116
retail,"14854",412
retail,"40175",736
retail,"32725",3208
retail,"62844",222
retail,"60443",12321
retail,"30328",14846
retail,"58259",8
retail,"33929",3780
retail,"12458",772
retail,"37621",1273
retail,"89570",2214
retail,"39183",116
retail,"37887",454
retail,"35226",3103
retail,"83217",10
retail,"84415",1602
retail,"30329",14279
retail,"07508",26789
retail,"59456",16
retail,"87174",2128
retail,"13656",326
retail,"14853",425
retail,"64141",7454
retail,"60442",6260
retail,"40176",218
retail,"36689",1571
retail,"10055",31297
retail,"32724",2275
retail,"85615",163
retail,"40177",4145
retail,"14856",239
retail,"77328",1174
retail,"12459",96
retail,"07501",28482
retail,"43772",373
retail,"17352",3701
retail,"37882",2258
retail,"35485",654
retail,"45070",4647
retail,"11252",30428
retail,"83218",424
retail,"33922",2492
retail,"78526",865
retail,"54559",55
retail,"60449",6315
retail,"13657",328
retail,"16154",1784
retail,"34287",1095
retail,"40178",108
retail,"14855",212
retail,"07502",27911
retail,"17353",1574
retail,"61641",1201
retail,"43771",497
retail,"45071",7935
retail,"35486",663
retail,"37881",520
retail,"35220",3059
retail,"11251",29948
retail,"85614",281
retail,"60448",10130
retail,"54558",189
retail,"13658",100
retail,"39180",116
retail,"82010",300
retail,"16155",2096
retail,"34288",1058
retail,"88112",1
retail,"81077",39
retail,"85617",62
retail,"14858",478
retail,"35221",3050
retail,"17350",2083
retail,"33924",2168
retail,"35487",663
retail,"07503",29077
retail,"60447",4865
retail,"13659",361
retail,"54557",69
retail,"62840",715
retail,"36420",96
retail,"34289",1093
retail,"80977",1692
retail,"85616",179
retail,"81076",24
retail,"14857",554
retail,"43773",367
retail,"35222",3104
retail,"07504",28730
retail,"61643",1193
retail,"26838",137
retail,"32728",5959
retail,"54556",14
retail,"36685",1514
retail,"16153",742
retail,"60446",11545
retail,"08701",4133
retail,"62841",655
retail,"91767",13997
retail,"91501",20824
retail,"28135",517
retail,"38827",104
retail,"03803",1869
retail,"20742",15178
retail,"07763",8222
retail,"95461",912
retail,"78522",977
retail,"93064",8427
retail,"52158",124
retail,"90302",22822
retail,"54555",37
retail,"47471",494
retail,"29334",3275
retail,"43510",1331
retail,"79721",126
retail,"94263",5150
retail,"36429",90
retail,"91766",15249
retail,"38828",460
retail,"74827",127
retail,"77325",10884
retail,"28136",1090
retail,"03802",1803
retail,"44710",2558
retail,"20741",15141
retail,"07764",5550
retail,"95462",1242
retail,"93063",8467
retail,"76124",16543
retail,"52159",142
retail,"78789",7680
retail,"90303",23789
retail,"78523",986
retail,"41114",957
retail,"47470",329
retail,"54554",68
retail,"29333",1871
retail,"79720",121
retail,"50859",66
retail,"74826",213
retail,"77326",200
retail,"72429",103
retail,"38825",305
retail,"91769",14601
retail,"91503",20842
retail,"28137",1205
retail,"07765",8935
retail,"22041",14655
retail,"03801",1899
retail,"76123",7791
retail,"20744",12188
retail,"90304",22490
retail,"76389",375
retail,"43778",202
retail,"52156",139
retail,"93066",3359
retail,"73627",93
retail,"29336",3298
retail,"49870",78
retail,"92701",17526
retail,"43512",319
retail,"94261",5151
retail,"77327",587
retail,"74825",125
retail,"22040",14905
retail,"05363",344
retail,"91502",21044
retail,"28138",1939
retail,"91768",14562
retail,"38826",427
retail,"20743",14786
retail,"95460",43
retail,"54552",47
retail,"76122",10473
retail,"76388",25
retail,"52157",130
retail,"93065",6916
retail,"73628",65
retail,"43777",641
retail,"90305",23359
retail,"29335",1585
retail,"43511",978
retail,"49871",161
retail,"12450",481
retail,"94262",5153
retail,"28139",586
retail,"36426",203
retail,"50857",92
retail,"83210",219
retail,"93060",2375
retail,"91763",12531
retail,"52154",123
retail,"29338",3220
retail,"46277",7077
retail,"76129",8996
retail,"60441",12191
retail,"77320",220
retail,"12451",642
retail,"77586",9703
retail,"83211",12
retail,"38824",439
retail,"07760",16480
retail,"50858",104
retail,"46011",3004
retail,"54550",34
retail,"13650",299
retail,"44714",2910
retail,"52155",67
retail,"78785",7737
retail,"91762",12088
retail,"39189",127
retail,"43779",203
retail,"35228",3049
retail,"60440",19020
retail,"36425",86
retail,"12452",147
retail,"77587",13831
retail,"77588",12992
retail,"69039",4
retail,"91765",21788
retail,"83212",145
retail,"44711",2920
retail,"20740",15068
retail,"13651",321
retail,"78520",892
retail,"03805",1768
retail,"93062",6939
retail,"35229",3104
retail,"76127",8564
retail,"46275",7073
retail,"38821",305
retail,"12453",695
retail,"14850",425
retail,"43516",640
retail,"69038",25
retail,"83213",3
retail,"36427",98
retail,"91764",10392
retail,"07762",3665
retail,"74829",155
retail,"48670",966
retail,"05101",376
retail,"13652",115
retail,"78521",839
retail,"03804",1778
retail,"68939",26
retail,"93061",2442
retail,"76126",4717
retail,"90301",22862
retail,"37625",1257
retail,"46274",6912
retail,"12454",409
retail,"43515",2023
retail,"20738",15317
retail,"99152",32
retail,"75185",14119
retail,"02862",5627
retail,"94259",5118
retail,"24432",225
retail,"50853",93
retail,"78780",7448
retail,"44705",2739
retail,"74820",120
retail,"28393",263
retail,"22035",13452
retail,"95457",147
retail,"31791",682
retail,"47201",935
retail,"77582",297
retail,"47467",642
retail,"49864",80
retail,"23234",3924
retail,"43506",374
retail,"29592",703
retail,"44706",2378
retail,"68949",153
retail,"20737",15187
retail,"02863",5594
retail,"99153",32
retail,"52151",126
retail,"78781",6849
retail,"24433",20
retail,"50854",71
retail,"72424",111
retail,"22034",14490
retail,"28394",1531
retail,"95458",175
retail,"46268",6959
retail,"31790",340
retail,"71223",110
retail,"77583",11320
retail,"73622",142
retail,"29591",568
retail,"33090",1430
retail,"23235",3903
retail,"25630",199
retail,"43505",385
retail,"49865",161
retail,"68948",8
retail,"45068",4626
retail,"72687",211
retail,"02860",5404
retail,"99154",12
retail,"94257",5151
retail,"50851",77
retail,"28395",1282
retail,"72421",390
retail,"48663",1203
retail,"44703",2674
retail,"22037",14161
retail,"24430",475
retail,"71226",404
retail,"67749",1
retail,"89319",25
retail,"23232",3867
retail,"29594",397
retail,"55760",25
retail,"47465",182
retail,"49866",161
retail,"77584",12604
retail,"99155",39
retail,"45069",7854
retail,"68947",50
retail,"02861",5663
retail,"69046",17
retail,"94258",5151
retail,"75182",13054
retail,"76380",23
retail,"48662",906
retail,"28396",684
retail,"46001",1514
retail,"72422",159
retail,"22036",14491
retail,"78783",7487
retail,"28130",7370
retail,"44704",2479
retail,"24431",1529
retail,"95456",43
retail,"71225",596
retail,"34290",1100
retail,"46266",7073
retail,"79980",1917
retail,"73620",106
retail,"47464",635
retail,"33092",5415
retail,"77585",145
retail,"27198",3541
retail,"49601",159
retail,"29593",670
retail,"23233",3512
retail,"99156",25
retail,"75189",4878
retail,"66549",305
retail,"72427",366
retail,"44709",2937
retail,"68946",17
retail,"74824",272
retail,"05362",323
retail,"69045",6
retail,"91759",6375
retail,"30330",12711
retail,"31795",374
retail,"22031",14494
retail,"76121",7762
retail,"67747",7
retail,"73625",90
retail,"95453",179
retail,"97850",22
retail,"23230",3828
retail,"29330",1857
retail,"29596",326
re